label,x_center,y_center,width,height
20,122.892708,377.840271,151.515900,141.671844
10,597.261108,409.320190,225.486023,203.075989
10,218.110535,409.420349,221.368805,203.265198
30,406.112793,20.106295,72.912933,40.212589
