label,x_center,y_center,width,height
20,93.000000,376.500000,92.000000,139.000000
10,597.000000,409.000000,224.000000,202.000000
10,217.500000,409.000000,221.000000,202.000000
30,406.000000,19.500000,72.000000,39.000000
